﻿Designator,Footprint,Quantity,Value,LCSC Part #
"C1, C10, C11, C12, C3, C4, C5, C6, C7, C8, C9",0402,11,100pF,
C13,0402,1,1uF,
C14,0402,1,100nF,
C2,0402,1,10uF,
IC1,Antennuator-HMC1119-QFN50P400X400X95-25N-D,1,HMC1119LP4METR,
J1,SW_DIP_SPSTx07_Slide_6.7x19.34mm_W7.62mm_P2.54mm_LowProfile,1,Conn_02x07_Counter_Clockwise,
J3,JST_XH_B2B-XH-A_1x02_P2.50mm_Vertical,1,Conn_01x02_Pin,
J5,PinHeader_2x03_P2.54mm_Vertical,1,Conn_02x03_Odd_Even,
"R1, R19",0402,2,0,
"R10, R2, R21, R22, R3, R4, R5, R6, R7, R8, R9",0402,11,100k,
"R11, R12, R13, R14, R15, R16, R17, R18",0402,8,1k,
"SMA1, SMA2",SMA_KHD_Back,2,~,
outline1,Outline_3x2_cavity_1.5mm,1,~,
